Product Nmae,Product Price

Beanbagwala XL Bean Bag filled with Beans in Brown,"Rs.  1,299"

Nv Combo Sofa Mudda Cover xxxl Black with Footstool/Puffy Black & Red Multicolored (Without Beans),"Rs.  1,229"

Comfy Bean Bags - Bean Bag - Size L - Without Beans - Cover Only - Lavender White,Rs.  379

Fun In  XXL Bean Bag with Beans in Red & Black,"Rs.  1,699"

XL Bean Bag Cover in Black,Rs.  479

Biggie  Bean Bag Xxxl Size Wine (only Cover),Rs.  699

Dolphin XL Bean Bag Cover-Black,Rs.  499

XL Bean Bag with Beans in Black & Grey,"Rs.  1,299"

Cozy Bags Bean Bag Cover XXXL Size Black Empty,Rs.  799

Dolphin Xl Bean Bag Cover in Blue and Black,Rs.  499

Dolphin XL Bean Bag with Beans in Navy Blue,"Rs.  1,380"

XL Brown Bean Bag Cover (Without Beans),Rs.  599

Biggie Bags Bean Chair Cover XL Size Black Red Empty,Rs.  449

Maruti fun bags Bean Bag cover Stripped XXXL Bronze Colour Without Beans,Rs.  862

Fun In  XXL Bean Bag with Beans in Blue & Green,"Rs.  1,699"

Dolphin XXL Bean Bag Cover- Blue and Black,Rs.  649

Dolphin Xxl Original Bean Bag Brown/Beige Combination-Without Beans,Rs.  649

Comfy Bean Bags - Bean Bag - Size L - Without Beans - Cover Only - Black Brown,Rs.  399

XL Bean bag with Beans in Brown,"Rs.  1,299"

DOLPHIN Original XL BEAN BAG-MAROON -COVERS(Without Beans)-Buy One Get One Free,Rs.  899

